1,Abigail,ZXTWQ3948F,"The address is 123 Oak St, Springfield, IL."
2,Brandon,LKJRE8293P,"The address is 456 Pine Ave, Chicago, IL."
3,Catherine,YTRFG5839Q,"The address is 789 Maple Rd, Evanston, IL."
4,David,UIOEC2475L,"The address is 101 Elm St, Naperville, IL."
5,Emily,PLKMN4562R,"The address is 202 Birch Blvd, Peoria, IL."
6,Felix,VBCYE9283N,"The address is 303 Cedar Ln, Schaumburg, IL."
7,Grace,TZXEY1729K,"The address is 404 Maple Ct, Aurora, IL."
8,Henry,BVNFQ7432W,"The address is 505 Oakwood Dr, Joliet, IL."
9,Irene,QASWF6582M,"The address is 606 Pine Ave, Rockford, IL."
10,Jacob,NDYGT5930T,"The address is 707 Birchwood Dr, Skokie, IL."
11,Karen,233-15-7623,"The address is 808 Elmwood Dr, Bloomington, IL."
12,Liam,495-63-2741,"The address is 909 Cedarwood Ln, Naperville, IL."
13,Madeline,621-78-3492,"The address is 1010 Pine Hill Rd, Springfield, IL."
14,Nathan,548-94-2741,"The address is 1122 Oak Hill Dr, Wheaton, IL."
15,Olivia,612-88-1932,"The address is 2233 Birch St, Oak Park, IL."
16,Patrick,739-51-2876,"The address is 3344 Cedar St, Glenview, IL."
17,Quinn,827-14-3918,"The address is 4455 Maple Ln, Naperville, IL."
18,Rachel,965-33-2205,"The address is 5566 Elmwood Ave, Schaumburg, IL."
19,Sean,495-84-7492,"The address is 6677 Pine Dr, Oakbrook, IL."
20,Tina,612-95-3817,"The address is 7788 Oak Ln, Des Plaines, IL."
21,Ursula,MR482672,Negative,HIN162345,Basic Health,"The primary hospital is St. Joseph's Medical Center, and the primary doctor is Dr. Green."
22,Vincent,MR982674,Positive,HIN495127,Accidental,"The primary hospital is Mercy Health, and the primary doctor is Dr. Brown."
23,Willow,MR281934,Positive,HIN729451,Comprehensive,"The primary hospital is Northwestern Memorial, and the primary doctor is Dr. Lee."
24,Xander,MR749127,Negative,HIN194582,Comprehensive,"The primary hospital is Advocate Aurora Health, and the primary doctor is Dr. Kim."
25,Yasmine,MR162479,Positive,HIN582947,Maternity,"The primary hospital is Rush University Medical Center, and the primary doctor is Dr. Davis."
26,Zachary,MR437925,Negative,HIN375482,Accidental,"The primary hospital is University of Chicago Medicine, and the primary doctor is Dr. Patel."
27,Allison,MR923471,Positive,HIN438591,Comprehensive,"The primary hospital is UChicago Medicine, and the primary doctor is Dr. Kim."
28,Benjamin,MR532764,Positive,HIN675941,Comprehensive,"The primary hospital is OSF Healthcare, and the primary doctor is Dr. Thomas."
29,Charlotte,MR948176,Positive,HIN832471,Comprehensive,"The primary hospital is St. Louis Medical Center, and the primary doctor is Dr. Wills."
30,Daniel,MR271563,Positive,HIN176432,Basic Health,"The primary hospital is Mercy Hospital, and the primary doctor is Dr. Harris."
31,Ella,9345-2736-7456-2849,"The associated bank is Bank of America."
32,Finn,2736-9845-4756-1943,"The associated bank is Wells Fargo."
33,Georgia,4759-3826-5473-1082,"The associated bank is Chase."
34,Hannah,1094-6573-9845-2043,"The associated bank is Citibank."
35,Isaac,3847-2758-4937-5942,"The associated bank is HSBC."
36,Jessica,9823-5738-4758-1827,"The associated bank is Capital One."
37,Kyle,2938-4758-5738-1947,"The associated bank is American Express."
38,Laura,1028-9475-2938-4738,"The associated bank is Discover."
39,Morgan,4758-3847-1028-3947,"The associated bank is PNC Bank."
40,Noah,3847-1028-4758-9384,"The associated bank is TD Bank."
